leg,ok,whyCode,nWaypoints,failWaypoint,minSelfClear,minBoxMargin,minFloorDist,envChecked,tolXY,tolZfloor,tolZceil,seed
sim,1,OK,2,0,0.0172009,0.41769,0.251218,1,0.12,0,0.12,NaN
hw,1,OK,2,0,0.0172009,0.41769,0.251218,1,0.12,0,0.12,NaN
sim,1,OK,2,0,0.0172009,0.41769,0.251218,1,0.12,0,0.12,NaN
hw,1,OK,2,0,0.0172009,0.41769,0.251218,1,0.12,0,0.12,NaN
sim,1,OK,10,0,0.0171654,0.296379,0.245678,1,0.12,0,0.12,NaN
hw,1,OK,10,0,0.0171654,0.296379,0.245678,1,0.12,0,0.12,NaN
sim,1,OK,10,0,0.0171468,0.296379,0.125678,1,0.12,0,0.12,NaN
hw,1,OK,11,0,0.0171468,0.296379,0.125678,1,0.12,0,0.12,NaN
sim,1,OK,10,0,0.0171468,0.296379,0.125678,1,0.12,0,0.12,NaN
hw,1,OK,11,0,0.0171468,0.296379,0.125678,1,0.12,0,0.12,NaN
sim,1,OK,36,0,0.0171569,0.15,0.180678,1,0.12,0,0.12,NaN
hw,1,OK,36,0,0.0171569,0.15,0.180678,1,0.12,0,0.12,NaN
sim,1,OK,8,0,0.0172369,0.146711,0.0606777,1,0.12,0,0.12,NaN
hw,1,OK,8,0,0.0172369,0.146711,0.0606777,1,0.12,0,0.12,NaN
sim,1,OK,8,0,0.0172369,0.146711,0.0606777,1,0.12,0,0.12,NaN
hw,1,OK,9,0,0.0172367,0.146711,0.0606777,1,0.12,0,0.12,NaN
sim,1,OK,35,0,0.0171371,0.15,0.155678,1,0.12,0,0.12,NaN
hw,1,OK,35,0,0.0171371,0.15,0.155678,1,0.12,0,0.12,NaN
sim,1,OK,12,0,0.0171502,0.389917,0.0356777,1,0.12,0,0.12,NaN
hw,1,OK,13,0,0.0171502,0.389917,0.0356777,1,0.12,0,0.12,NaN
sim,1,OK,12,0,0.0171502,0.389917,0.0356777,1,0.12,0,0.12,NaN
hw,1,OK,13,0,0.0171502,0.389917,0.0356777,1,0.12,0,0.12,NaN
sim,1,OK,26,0,0.0171584,0.271204,0.155677,1,0.12,0,0.12,NaN
hw,1,OK,26,0,0.0171584,0.271204,0.155677,1,0.12,0,0.12,NaN
sim,1,OK,6,0,0.017242,0.313657,0.199678,1,0.12,0,0.12,NaN
hw,1,OK,6,0,0.017242,0.313657,0.199678,1,0.12,0,0.12,NaN
sim,1,OK,6,0,0.017242,0.313657,0.199678,1,0.12,0,0.12,NaN
hw,1,OK,7,0,0.017242,0.313657,0.199678,1,0.12,0,0.12,NaN
sim,1,OK,9,0,0.0171609,0.313657,0.251218,1,0.12,0,0.12,NaN
hw,1,OK,9,0,0.0171609,0.313657,0.251218,1,0.12,0,0.12,NaN
sim,1,OK,54,0,0.0171704,0.39783,0.180678,1,0.12,0,0.12,NaN
hw,1,OK,54,0,0.0171704,0.39783,0.180678,1,0.12,0,0.12,NaN
sim,1,OK,11,0,0.0171398,0.394655,0.0606777,1,0.12,0,0.12,NaN
hw,1,OK,12,0,0.0171398,0.394655,0.0606777,1,0.12,0,0.12,NaN
sim,1,OK,11,0,0.0171398,0.394655,0.0606777,1,0.12,0,0.12,NaN
hw,1,OK,12,0,0.0171398,0.394655,0.0606777,1,0.12,0,0.12,NaN
sim,1,OK,32,0,0.0171312,0.148701,0.180678,1,0.12,0,0.12,NaN
hw,1,OK,32,0,0.0171312,0.148701,0.180678,1,0.12,0,0.12,NaN
sim,1,OK,8,0,0.0172369,0.146711,0.0606777,1,0.12,0,0.12,NaN
hw,1,OK,8,0,0.0172369,0.146711,0.0606777,1,0.12,0,0.12,NaN
sim,1,OK,8,0,0.0172369,0.146711,0.0606777,1,0.12,0,0.12,NaN
hw,1,OK,9,0,0.0172367,0.146711,0.0606777,1,0.12,0,0.12,NaN
sim,1,OK,40,0,0.0171544,0.15,0.146678,1,0.12,0,0.12,NaN
hw,1,OK,40,0,0.0171544,0.15,0.146678,1,0.12,0,0.12,NaN
sim,1,OK,13,0,0.0172321,0.313657,0.0266777,1,0.12,0,0.12,NaN
hw,1,OK,14,0,0.0172296,0.313657,0.0266777,1,0.12,0,0.12,NaN
sim,1,OK,13,0,0.0172321,0.313657,0.0266777,1,0.12,0,0.12,NaN
hw,1,OK,14,0,0.0172321,0.313657,0.0266777,1,0.12,0,0.12,NaN
sim,1,OK,38,0,0.0171564,0.15,0.146677,1,0.12,0,0.12,NaN
hw,1,OK,38,0,0.0171564,0.15,0.146677,1,0.12,0,0.12,NaN
sim,1,OK,8,0,0.0172367,0.146928,0.0266777,1,0.12,0,0.12,NaN
hw,1,OK,8,0,0.0172367,0.146928,0.0266777,1,0.12,0,0.12,NaN
sim,1,OK,8,0,0.0172367,0.146928,0.0266777,1,0.12,0,0.12,NaN
hw,1,OK,9,0,0.0172367,0.146928,0.0266777,1,0.12,0,0.12,NaN
sim,1,OK,32,0,0.0171357,0.090662,0.146677,1,0.12,0,0.12,NaN
hw,1,OK,32,0,0.0171357,0.090662,0.146677,1,0.12,0,0.12,NaN
sim,1,OK,43,0,0.0171347,0.145519,0.156678,1,0.12,0,0.12,NaN
hw,1,OK,43,0,0.0171347,0.145519,0.156678,1,0.12,0,0.12,NaN
sim,1,OK,10,0,0.0172264,0.285855,0.0606776,1,0.12,0,0.12,NaN
hw,1,OK,11,0,0.0172264,0.2843,0.0606776,1,0.12,0,0.12,NaN
sim,1,OK,10,0,0.0172264,0.285855,0.0606776,1,0.12,0,0.12,NaN
hw,1,OK,11,0,0.0172264,0.285855,0.0606776,1,0.12,0,0.12,NaN
sim,1,OK,23,0,0.0171399,0.148199,0.180678,1,0.12,0,0.12,NaN
hw,1,OK,23,0,0.0171399,0.148199,0.180678,1,0.12,0,0.12,NaN
sim,1,OK,8,0,0.0172369,0.146711,0.0606776,1,0.12,0,0.12,NaN
hw,1,OK,8,0,0.0172369,0.146711,0.0606776,1,0.12,0,0.12,NaN
sim,1,OK,8,0,0.0172369,0.146711,0.0606776,1,0.12,0,0.12,NaN
hw,1,OK,9,0,0.0172367,0.146711,0.0606776,1,0.12,0,0.12,NaN
sim,1,OK,35,0,0.0171288,0.15,0.155678,1,0.12,0,0.12,NaN
hw,1,OK,35,0,0.0171288,0.15,0.155678,1,0.12,0,0.12,NaN
sim,1,OK,12,0,0.0172079,0.372003,0.0356777,1,0.12,0,0.12,NaN
hw,1,OK,13,0,0.0172079,0.372003,0.0356777,1,0.12,0,0.12,NaN
sim,1,OK,12,0,0.0172079,0.372003,0.0356777,1,0.12,0,0.12,NaN
hw,1,OK,13,0,0.0172079,0.372003,0.0356777,1,0.12,0,0.12,NaN
sim,1,OK,7,0,0.0172141,0.372003,0.155678,1,0.12,0,0.12,NaN
hw,1,OK,7,0,0.0172141,0.372003,0.155678,1,0.12,0,0.12,NaN
sim,1,OK,11,0,0.0172142,0.372003,0.109678,1,0.12,0,0.12,NaN
hw,1,OK,11,0,0.0172142,0.372003,0.109678,1,0.12,0,0.12,NaN
sim,1,OK,11,0,0.0172142,0.372003,0.109678,1,0.12,0,0.12,NaN
hw,1,OK,12,0,0.0172142,0.372003,0.109678,1,0.12,0,0.12,NaN
sim,1,OK,8,0,0.0171407,0.36481,0.155678,1,0.12,0,0.12,NaN
hw,1,OK,8,0,0.0171407,0.36481,0.155678,1,0.12,0,0.12,NaN
sim,1,OK,11,0,0.0172109,0.359654,0.0356777,1,0.12,0,0.12,NaN
hw,1,OK,12,0,0.0172109,0.359654,0.0356777,1,0.12,0,0.12,NaN
sim,1,OK,15,0,0.0171439,0.358109,0.0813187,1,0.12,0,0.12,NaN
hw,1,OK,15,0,0.0171439,0.358109,0.0813187,1,0.12,0,0.12,NaN
sim,1,OK,41,0,0.01714,0.36481,0.155678,1,0.12,0,0.12,NaN
hw,1,OK,41,0,0.01714,0.36481,0.155678,1,0.12,0,0.12,NaN
sim,1,OK,11,0,0.0172109,0.359654,0.0356776,1,0.12,0,0.12,NaN
hw,1,OK,12,0,0.0172109,0.359654,0.0356776,1,0.12,0,0.12,NaN
sim,1,OK,11,0,0.0172109,0.359654,0.0356776,1,0.12,0,0.12,NaN
hw,1,OK,12,0,0.0172109,0.359654,0.0356776,1,0.12,0,0.12,NaN
sim,1,OK,60,0,0.0171678,0.237487,0.155677,1,0.12,0,0.12,NaN
hw,1,OK,60,0,0.0171678,0.237487,0.155677,1,0.12,0,0.12,NaN
sim,1,OK,11,0,0.0171281,0.235652,0.0606777,1,0.12,0,0.12,NaN
hw,1,OK,12,0,0.0171281,0.235652,0.0606777,1,0.12,0,0.12,NaN
sim,1,OK,11,0,0.0171281,0.235652,0.0606777,1,0.12,0,0.12,NaN
hw,1,OK,12,0,0.0171281,0.235652,0.0606777,1,0.12,0,0.12,NaN
sim,1,OK,29,0,0.017134,0.15,0.180677,1,0.12,0,0.12,NaN
hw,1,OK,29,0,0.017134,0.15,0.180677,1,0.12,0,0.12,NaN
sim,1,OK,8,0,0.0172369,0.146711,0.0606777,1,0.12,0,0.12,NaN
hw,1,OK,8,0,0.0172369,0.146711,0.0606777,1,0.12,0,0.12,NaN
sim,1,OK,8,0,0.0172369,0.146711,0.0606777,1,0.12,0,0.12,NaN
hw,1,OK,9,0,0.0172367,0.146711,0.0606777,1,0.12,0,0.12,NaN
sim,1,OK,60,0,0.0171342,0.15,0.155678,1,0.12,0,0.12,NaN
hw,1,OK,60,0,0.0171342,0.15,0.155678,1,0.12,0,0.12,NaN
sim,1,OK,12,0,0.0171992,0.383706,0.0356777,1,0.12,0,0.12,NaN
hw,1,OK,13,0,0.0171992,0.383706,0.0356777,1,0.12,0,0.12,NaN
sim,1,OK,12,0,0.0171992,0.383706,0.0356777,1,0.12,0,0.12,NaN
hw,1,OK,13,0,0.0171992,0.383706,0.0356777,1,0.12,0,0.12,NaN
sim,1,OK,22,0,0.0171472,0.210654,0.155678,1,0.12,0,0.12,NaN
hw,1,OK,22,0,0.0171472,0.210654,0.155678,1,0.12,0,0.12,NaN
sim,1,OK,10,0,0.0171242,0.206715,0.134678,1,0.12,0,0.12,NaN
hw,1,OK,10,0,0.0171242,0.206715,0.134678,1,0.12,0,0.12,NaN
sim,1,OK,10,0,0.0171242,0.206715,0.134678,1,0.12,0,0.12,NaN
hw,1,OK,11,0,0.0171242,0.206715,0.134678,1,0.12,0,0.12,NaN
sim,1,OK,14,0,0.0171788,0.210654,0.146678,1,0.12,0,0.12,NaN
hw,1,OK,14,0,0.0171788,0.210654,0.146678,1,0.12,0,0.12,NaN
sim,1,OK,44,0,0.017155,0.155168,0.152375,1,0.12,0,0.12,NaN
hw,1,OK,44,0,0.017155,0.155168,0.152375,1,0.12,0,0.12,NaN
sim,1,OK,40,0,0.0171443,0.15,0.156677,1,0.12,0,0.12,NaN
hw,1,OK,40,0,0.0171443,0.15,0.156677,1,0.12,0,0.12,NaN
sim,1,OK,64,0,0.0171368,0.15,0.156678,1,0.12,0,0.12,NaN
hw,1,OK,64,0,0.0171368,0.15,0.156678,1,0.12,0,0.12,NaN
sim,1,OK,12,0,0.0171801,0.26976,0.0606777,1,0.12,0,0.12,NaN
hw,1,OK,13,0,0.0171801,0.26976,0.0606777,1,0.12,0,0.12,NaN
sim,1,OK,12,0,0.0171801,0.26976,0.0606777,1,0.12,0,0.12,NaN
hw,1,OK,13,0,0.0171801,0.26976,0.0606777,1,0.12,0,0.12,NaN
sim,1,OK,39,0,0.0171409,0.15,0.180678,1,0.12,0,0.12,NaN
hw,1,OK,39,0,0.0171409,0.15,0.180678,1,0.12,0,0.12,NaN
sim,1,OK,8,0,0.0172369,0.146711,0.0606777,1,0.12,0,0.12,NaN
hw,1,OK,8,0,0.0172369,0.146711,0.0606777,1,0.12,0,0.12,NaN
sim,1,OK,8,0,0.0172369,0.146711,0.0606777,1,0.12,0,0.12,NaN
hw,1,OK,9,0,0.0172367,0.146711,0.0606777,1,0.12,0,0.12,NaN
sim,1,OK,43,0,0.0171266,0.15,0.155678,1,0.12,0,0.12,NaN
hw,1,OK,43,0,0.0171266,0.15,0.155678,1,0.12,0,0.12,NaN
sim,1,OK,12,0,0.0172553,0.226789,0.0356776,1,0.12,0,0.12,NaN
hw,1,OK,13,0,0.0172553,0.226789,0.0356776,1,0.12,0,0.12,NaN
sim,1,OK,12,0,0.0172553,0.226789,0.0356776,1,0.12,0,0.12,NaN
hw,1,OK,13,0,0.0172553,0.226789,0.0356776,1,0.12,0,0.12,NaN
sim,1,OK,6,0,0.017321,0.226789,0.155678,1,0.12,0,0.12,NaN
hw,1,OK,6,0,0.017321,0.226789,0.155678,1,0.12,0,0.12,NaN
sim,1,OK,9,0,0.0173193,0.226789,0.109678,1,0.12,0,0.12,NaN
hw,1,OK,9,0,0.0173193,0.226789,0.109678,1,0.12,0,0.12,NaN
sim,1,OK,9,0,0.0173193,0.226789,0.109678,1,0.12,0,0.12,NaN
hw,1,OK,10,0,0.0173193,0.226789,0.109678,1,0.12,0,0.12,NaN
sim,1,OK,40,0,0.0171422,0.204596,0.146678,1,0.12,0,0.12,NaN
hw,1,OK,40,0,0.0171422,0.204596,0.146678,1,0.12,0,0.12,NaN
sim,1,OK,11,0,0.0171353,0.202076,0.0266777,1,0.12,0,0.12,NaN
hw,1,OK,12,0,0.0171353,0.202076,0.0266777,1,0.12,0,0.12,NaN
sim,1,OK,11,0,0.0171353,0.202076,0.0266777,1,0.12,0,0.12,NaN
hw,1,OK,12,0,0.0171353,0.202076,0.0266777,1,0.12,0,0.12,NaN
sim,1,OK,26,0,0.0171466,0.204595,0.146677,1,0.12,0,0.12,NaN
hw,1,OK,26,0,0.0171466,0.204595,0.146677,1,0.12,0,0.12,NaN
sim,1,OK,36,0,0.0171251,0.15,0.156678,1,0.12,0,0.12,NaN
hw,1,OK,36,0,0.0171251,0.15,0.156678,1,0.12,0,0.12,NaN
sim,1,OK,45,0,0.0172276,0.150018,0.146678,1,0.12,0,0.12,NaN
hw,1,OK,45,0,0.0172276,0.150018,0.146678,1,0.12,0,0.12,NaN
sim,1,OK,12,0,0.017162,0.145503,0.0266776,1,0.12,0,0.12,NaN
hw,1,OK,12,0,0.017162,0.145503,0.0266776,1,0.12,0,0.12,NaN
sim,1,OK,12,0,0.017162,0.145503,0.0266776,1,0.12,0,0.12,NaN
hw,1,OK,13,0,0.017162,0.145503,0.0266776,1,0.12,0,0.12,NaN
sim,1,OK,48,0,0.0171501,0.150045,0.146669,1,0.12,0,0.12,NaN
hw,1,OK,48,0,0.0171501,0.150045,0.146669,1,0.12,0,0.12,NaN
sim,1,OK,12,0,0.0171676,0.230161,0.0356777,1,0.12,0,0.12,NaN
hw,1,OK,13,0,0.0171676,0.230161,0.0356777,1,0.12,0,0.12,NaN
sim,1,OK,12,0,0.0171676,0.230161,0.0356777,1,0.12,0,0.12,NaN
hw,1,OK,13,0,0.0171643,0.230161,0.0356777,1,0.12,0,0.12,NaN
sim,1,OK,17,0,0.0171434,0.230161,0.155678,1,0.12,0,0.12,NaN
hw,1,OK,17,0,0.0171434,0.230161,0.155678,1,0.12,0,0.12,NaN
